{
  "baseline": {
    "accuracy": [
      0.8313808825436733,
      0.057010028794337565
    ],
    "f1": [
      0.8930906593406593,
      0.03605772108842391
    ],
    "auc": [
      0.758236559139785,
      0.11082283194781752
    ],
    "mcc": [
      0.44804006325045054,
      0.30146099939929477
    ],
    "precision": [
      0.8533795720735456,
      0.0566468890269969
    ],
    "recall": [
      0.9408602150537634,
      0.05216550056931647
    ]
  },
  "ablation_loss": {
    "BCE": {
      "accuracy": [
        0.8501676094699352,
        0.054634420764603495
      ],
      "f1": [
        0.9054833618855614,
        0.02807735703365649
      ],
      "auc": [
        0.8313655913978494,
        0.1337865751948515
      ],
      "mcc": [
        0.5015194381484573,
        0.33039082574927836
      ],
      "precision": [
        0.8807191607191607,
        0.06799663366692026
      ],
      "recall": [
        0.9397419354838711,
        0.06238492840745868
      ]
    },
    "Weighted BCE": {
      "accuracy": [
        0.8128550477387687,
        0.10704508631777546
      ],
      "f1": [
        0.8838478461429281,
        0.06559257566171099
      ],
      "auc": [
        0.726336917562724,
        0.24773980464203765
      ],
      "mcc": [
        0.3737402176340948,
        0.38833479473935467
      ],
      "precision": [
        0.8404126984126984,
        0.1241242073330458
      ],
      "recall": [
        0.9548387096774194,
        0.0903225806451613
      ]
    },
    "Focal \u03b3=1": {
      "accuracy": [
        0.8573104666127922,
        0.054099648975180395
      ],
      "f1": [
        0.9081097922545289,
        0.03530984520660805
      ],
      "auc": [
        0.8205663082437276,
        0.16892639955614766
      ],
      "mcc": [
        0.5205833266313034,
        0.2915463917487199
      ],
      "precision": [
        0.8800626959247648,
        0.07648869703179012
      ],
      "recall": [
        0.9464086021505377,
        0.05949592084389688
      ]
    },
    "Focal \u03b3=2": {
      "accuracy": [
        0.8674777767801023,
        0.04680262012757262
      ],
      "f1": [
        0.9175496819564616,
        0.026626529676297694
      ],
      "auc": [
        0.8398960573476704,
        0.0907841469310659
      ],
      "mcc": [
        0.5042239313090764,
        0.30333759185878156
      ],
      "precision": [
        0.8822906940553998,
        0.05815896375818461
      ],
      "recall": [
        0.9610752688172044,
        0.0473821569167154
      ]
    },
    "Focal \u03b3=3": {
      "accuracy": [
        0.8505073179491782,
        0.053470677887459475
      ],
      "f1": [
        0.9030116550116549,
        0.04024367721768365
      ],
      "auc": [
        0.8019139784946235,
        0.17511357198686603
      ],
      "mcc": [
        0.49230999335663406,
        0.26891794224217924
      ],
      "precision": [
        0.8712341672301104,
        0.0587498920485664
      ],
      "recall": [
        0.9419784946236559,
        0.06203850452318491
      ]
    }
  },
  "ablation_architecture": {
    "Shallow [32]": {
      "accuracy": [
        0.856023465325791,
        0.01976448549065201
      ],
      "f1": [
        0.9076195623248495,
        0.01216481069089586
      ],
      "auc": [
        0.8570537634408604,
        0.09393636132473626
      ],
      "mcc": [
        0.5906510126977791,
        0.12671657125746424
      ],
      "precision": [
        0.8862158862158862,
        0.06462372310128842
      ],
      "recall": [
        0.9408602150537634,
        0.07340235770269252
      ]
    },
    "Medium [64, 32]": {
      "accuracy": [
        0.8516047609070865,
        0.05827121979687659
      ],
      "f1": [
        0.9064726217617544,
        0.032786862383566505
      ],
      "auc": [
        0.8081362007168458,
        0.15313234064818804
      ],
      "mcc": [
        0.4825874423720527,
        0.32625292324574073
      ],
      "precision": [
        0.8793212669683257,
        0.060957329237182646
      ],
      "recall": [
        0.9395268817204302,
        0.04207902645699523
      ]
    },
    "Deep [128, 64, 32]": {
      "accuracy": [
        0.8392854648668602,
        0.05582265115500584
      ],
      "f1": [
        0.9007842562193688,
        0.03228623058601415
      ],
      "auc": [
        0.7188924731182796,
        0.18989208966352877
      ],
      "mcc": [
        0.435937058456373,
        0.3196510851962805
      ],
      "precision": [
        0.8582184271558084,
        0.07400391628258572
      ],
      "recall": [
        0.953978494623656,
        0.03915159930400095
      ]
    },
    "Wide [128, 128]": {
      "accuracy": [
        0.8448016122434726,
        0.048720536480272254
      ],
      "f1": [
        0.9038744588744588,
        0.02725403055959286
      ],
      "auc": [
        0.7925878136200717,
        0.15870487311938564
      ],
      "mcc": [
        0.4699172532191468,
        0.3055990723963409
      ],
      "precision": [
        0.8573536214634165,
        0.0615171963260025
      ],
      "recall": [
        0.9606451612903226,
        0.03788610152330964
      ]
    },
    "Narrow-Deep [32, 32, 32]": {
      "accuracy": [
        0.8828290084104037,
        0.0668375013696021
      ],
      "f1": [
        0.9279136018517873,
        0.04024137794599617
      ],
      "auc": [
        0.8605698924731182,
        0.12408156464004447
      ],
      "mcc": [
        0.5513008381503062,
        0.33453428107848426
      ],
      "precision": [
        0.8961172161172162,
        0.07531285185440288
      ],
      "recall": [
        0.9673118279569893,
        0.041151199311363414
      ]
    }
  },
  "ablation_dropout": {
    "Dropout=0.0": {
      "accuracy": [
        0.845294962736823,
        0.06669197425992199
      ],
      "f1": [
        0.9049834386021376,
        0.036136234152218144
      ],
      "auc": [
        0.822605734767025,
        0.15911278775815052
      ],
      "mcc": [
        0.45312369714253586,
        0.34519617003985315
      ],
      "precision": [
        0.8642902194626332,
        0.06273811706234628
      ],
      "recall": [
        0.953978494623656,
        0.044466753563819926
      ]
    },
    "Dropout=0.1": {
      "accuracy": [
        0.8617720710743967,
        0.05796239987600888
      ],
      "f1": [
        0.9132568992674525,
        0.03228485620757002
      ],
      "auc": [
        0.77578853046595,
        0.1931383250686436
      ],
      "mcc": [
        0.5242370548031424,
        0.3339292264032764
      ],
      "precision": [
        0.8795985060690942,
        0.05832406184808081
      ],
      "recall": [
        0.9541935483870969,
        0.04840190932175552
      ]
    },
    "Dropout=0.2": {
      "accuracy": [
        0.836182195484521,
        0.04862380268835788
      ],
      "f1": [
        0.8950642507210305,
        0.03200839452286714
      ],
      "auc": [
        0.7691720430107527,
        0.12422266898323336
      ],
      "mcc": [
        0.438347241766951,
        0.28454172504279573
      ],
      "precision": [
        0.8649081854964207,
        0.05798433429624231
      ],
      "recall": [
        0.9315268817204301,
        0.04629815352192602
      ]
    },
    "Dropout=0.3": {
      "accuracy": [
        0.8523590035217943,
        0.06153053125806871
      ],
      "f1": [
        0.9060665131875283,
        0.03664644153821996
      ],
      "auc": [
        0.795820788530466,
        0.16591742114646715
      ],
      "mcc": [
        0.502053222921147,
        0.3311637231537163
      ],
      "precision": [
        0.8782228446934329,
        0.05938062279322635
      ],
      "recall": [
        0.9410752688172044,
        0.05923316186433707
      ]
    },
    "Dropout=0.4": {
      "accuracy": [
        0.8304051559865513,
        0.07753030291499244
      ],